Region,Census_Year,Persons,Males,Females
INDIA,2007,1180401246,609793777,570637982
INDIA,2008,1211539922,625810003,585762351
INDIA,2009,1243746004,642370388,601409908
INDIA,2010,1277060777,659495784,617601081
INDIA,2011,1311527295,677207930,634357182
INDIA,2012,1347190461,695529485,651700448
INDIA,2013,1384097116,714484079,669654085
INDIA,2014,1422296126,734096352,688242315
INDIA,2015,1461838480,754392002,707490420
INDIA,2016,1502777385,775397836,727424796
INDIA,2017,1545168376,797141819,748073005
INDIA,2018,1589069420,819653130,769463831
INDIA,2019,1634541036,842962218,791627335
INDIA,2020,1681646413,867100861,814594923
INDIA,2021,1730451537,892102230,838399403
INDIA,2022,1781025328,918000952,863075059
INDIA,2023,1833439777,944833185,888657719
INDIA,2024,1887770094,972636682,915184832
INDIA,2025,1944094864,1001450874,942695544
Jammu & Kashmir,2007,11634614,6140709,5494119
Jammu & Kashmir,2008,11990739,6326703,5664289
Jammu & Kashmir,2009,12361095,6520062,5841332
Jammu & Kashmir,2010,12746326,6721115,6025560
Jammu & Kashmir,2011,13147106,6930206,6217304
Jammu & Kashmir,2012,13564144,7147700,6416908
Jammu & Kashmir,2013,13998183,7373976,6624736
Jammu & Kashmir,2014,14450005,7609436,6841172
Jammu & Kashmir,2015,14920433,7854499,7066615
Jammu & Kashmir,2016,15410328,8109607,7301490
Jammu & Kashmir,2017,15920600,8375224,7546240
Jammu & Kashmir,2018,16452202,8651837,7801334
Jammu & Kashmir,2019,17006138,8939959,8067262
Jammu & Kashmir,2020,17583464,9240129,8344543
Jammu & Kashmir,2021,18185291,9552913,8633721
Jammu & Kashmir,2022,18812786,9878907,8935370
Jammu & Kashmir,2023,19467181,10218738,9250095
Jammu & Kashmir,2024,20149768,10573066,9578531
Jammu & Kashmir,2025,20861913,10942584,9921348
Himachal Pradesh,2007,6829128,3446823,3383000
Himachal Pradesh,2008,6992494,3527344,3465929
Himachal Pradesh,2009,7161277,3610506,3551640
Himachal Pradesh,2010,7335680,3696405,3640239
Himachal Pradesh,2011,7515914,3785143,3731836
Himachal Pradesh,2012,7702200,3876827,3826546
Himachal Pradesh,2013,7894766,3971567,3924487
Himachal Pradesh,2014,8093853,4069478,4025784
Himachal Pradesh,2015,8299709,4170679,4130568
Himachal Pradesh,2016,8512595,4275295,4238974
Himachal Pradesh,2017,8732781,4383457,4351144
Himachal Pradesh,2018,8960551,4495301,4467224
Himachal Pradesh,2019,9196200,4610968,4587369
Himachal Pradesh,2020,9440035,4730605,4711740
Himachal Pradesh,2021,9692378,4854367,4840504
Himachal Pradesh,2022,9953564,4982415,4973837
Himachal Pradesh,2023,10223943,5114915,5111921
Himachal Pradesh,2024,10503880,5252043,5254948
Himachal Pradesh,2025,10793756,5393982,5403116
Punjab,2007,27254792,14391100,12866191
Punjab,2008,27906176,14726924,13182014
Punjab,2009,28578837,15073575,13508304
Punjab,2010,29273560,15431450,13845451
Punjab,2011,29991163,15800957,14193863
Punjab,2012,30732496,16182524,14553967
Punjab,2013,31498446,16576595,14926205
Punjab,2014,32289937,16983633,15311039
Punjab,2015,33107931,17404121,15708950
Punjab,2016,33953429,17838560,16120440
Punjab,2017,34827477,18287473,16546033
Punjab,2018,35731163,18751404,16986273
Punjab,2019,36665623,19230922,17441731
Punjab,2020,37632039,19726618,17912999
Punjab,2021,38631645,20239108,18400696
Punjab,2022,39665727,20769034,18905469
Punjab,2023,40735627,21317066,19427991
Punjab,2024,41842744,21883903,19968967
Punjab,2025,42988538,22470273,20529129
Chandigarh,2007,1424145,790030,634202
Chandigarh,2008,1535531,850787,684916
Chandigarh,2009,1656620,916749,740147
Chandigarh,2010,1788331,988398,800332
Chandigarh,2011,1931670,1066266,865952
Chandigarh,2012,2087749,1150937,937537
Chandigarh,2013,2257793,1243053,1015674
Chandigarh,2014,2443149,1343321,1101010
Chandigarh,2015,2645308,1452520,1194263
Chandigarh,2016,2865911,1571508,1296222
Chandigarh,2017,3106773,1701231,1407766
Chandigarh,2018,3369896,1842732,1529863
Chandigarh,2019,3657496,1997161,1663589
Chandigarh,2020,3972020,2165789,1810134
Chandigarh,2021,4316178,2350019,1970818
Chandigarh,2022,4692967,2551402,2147107
Chandigarh,2023,5105707,2771650,2340626
Chandigarh,2024,5558078,3012661,2553181
Chandigarh,2025,6054156,3276530,2786779
Uttarakhand,2007,9830620,5015490,4815245
Uttarakhand,2008,10095070,5148454,4946766
Uttarakhand,2009,10368802,5286035,5082957
Uttarakhand,2010,10652184,5428413,5224004
Uttarakhand,2011,10945600,5575778,5370102
Uttarakhand,2012,11249451,5728326,5521456
Uttarakhand,2013,11564155,5886264,5678279
Uttarakhand,2014,11890150,6049805,5840793
Uttarakhand,2015,12227892,6219175,6009231
Uttarakhand,2016,12577858,6394607,6183836
Uttarakhand,2017,12940546,6576346,6364863
Uttarakhand,2018,13316477,6764647,6552578
Uttarakhand,2019,13706196,6959777,6747258
Uttarakhand,2020,14110271,7162015,6949194
Uttarakhand,2021,14529297,7371652,7158691
Uttarakhand,2022,14963896,7588992,7376065
Uttarakhand,2023,15414719,7814354,7601650
Uttarakhand,2024,15882445,8048070,7835795
Uttarakhand,2025,16367786,8290489,8078862
Haryana,2007,25100728,13408790,11691910
Haryana,2008,25957328,13865216,12092082
Haryana,2009,26851499,14341643,12509827
Haryana,2010,27785103,14839059,12946013
Haryana,2011,28760099,15358508,13401559
Haryana,2012,29778557,15901089,13877434
Haryana,2013,30842661,16467964,14374660
Haryana,2014,31954713,17060358,14894314
Haryana,2015,33117146,17679565,15437537
Haryana,2016,34332529,18326950,16005530
Haryana,2017,35603574,19003956,16599563
Haryana,2018,36933145,19712106,17220977
Haryana,2019,38324271,20453010,17871191
Haryana,2020,39780149,21228370,18551701
Haryana,2021,41304162,22039982,19264092
Haryana,2022,42899886,22889748,20010037
Haryana,2023,44571100,23779680,20791307
Haryana,2024,46321806,24711902,21609775
Haryana,2025,48156233,25688666,22467422
NCT OF Delhi,2007,17514092,9378469,8145766
NCT OF Delhi,2008,18364618,9812845,8564316
NCT OF Delhi,2009,19259857,10268794,9006362
NCT OF Delhi,2010,20202314,10747454,9473316
NCT OF Delhi,2011,21194640,11250020,9966683
NCT OF Delhi,2012,22239647,11777757,10488062
NCT OF Delhi,2013,23340309,12331999,11039154
NCT OF Delhi,2014,24499781,12914153,11621771
NCT OF Delhi,2015,25721406,13525708,12237841
NCT OF Delhi,2016,27008725,14168231,12889416
NCT OF Delhi,2017,28365494,14843382,13578683
NCT OF Delhi,2018,29795694,15552911,14307970
NCT OF Delhi,2019,31303547,16298667,15079757
NCT OF Delhi,2020,32893530,17082604,15896687
NCT OF Delhi,2021,34570393,17906786,16761577
NCT OF Delhi,2022,36339172,18773395,17677429
NCT OF Delhi,2023,38205213,19684734,18647443
NCT OF Delhi,2024,40174188,20643241,19675031
NCT OF Delhi,2025,42252118,21651491,20763833
Rajasthan,2007,66605523,34633370,31972006
Rajasthan,2008,68789677,35762690,33026875
Rajasthan,2009,71064302,36938573,34125657
Rajasthan,2010,73433617,38163180,35270410
Rajasthan,2011,75902057,39438783,36463298
Rajasthan,2012,78474286,40767771,37706597
Rajasthan,2013,81155209,42152656,39002700
Rajasthan,2014,83949986,43596078,40354127
Rajasthan,2015,86864046,45100817,41763528
Rajasthan,2016,89903103,46669797,43233696
Rajasthan,2017,93073170,48306094,44767566
Rajasthan,2018,96380580,50012946,46368235
Rajasthan,2019,99831997,51793763,48038958
Rajasthan,2020,103434444,53652134,49783170
Rajasthan,2021,107195317,55591840,51604487
Rajasthan,2022,111122407,57616862,53506721
Rajasthan,2023,115223925,59731396,55493887
Rajasthan,2024,119508526,61939863,57570223
Rajasthan,2025,123985334,64246922,59740192
Uttar Pradesh,2007,190725780,100449286,90265971
Uttar Pradesh,2008,196152676,103277931,92863490
Uttar Pradesh,2009,201788268,106213881,95562369
Uttar Pradesh,2010,207641627,109261739,98367082
Uttar Pradesh,2011,213722266,112426325,101282318
Uttar Pradesh,2012,220040160,115712692,104313002
Uttar Pradesh,2013,226605773,119126137,107464303
Uttar Pradesh,2014,233430083,122672212,110741646
Uttar Pradesh,2015,240524607,126356740,114150729
Uttar Pradesh,2016,247901435,130185827,117697536
Uttar Pradesh,2017,255573254,134165877,121388354
Uttar Pradesh,2018,263553386,138303612,125229787
Uttar Pradesh,2019,271855820,142606082,129228775
Uttar Pradesh,2020,280495246,147080687,133392613
Uttar Pradesh,2021,289487097,151735196,137728970
Uttar Pradesh,2022,298847587,156577764,142245910
Uttar Pradesh,2023,308593754,161616955,146951913
Uttar Pradesh,2024,318743506,166861765,151855899
Uttar Pradesh,2025,329315669,172321641,156967253
Bihar,2007,96509444,50473014,46035818
Bihar,2008,99279730,51958793,47320644
Bihar,2009,102155876,53502127,48653809
Bihar,2010,105142454,55105532,50037369
Bihar,2011,108244256,56771651,51473477
Bihar,2012,111466304,58503252,52964388
Bihar,2013,114813865,60303242,54512467
Bihar,2014,118292460,62174669,56120190
Bihar,2015,121907881,64120732,57790153
Bihar,2016,125666203,66144787,59525078
Bihar,2017,129573800,68250359,61327819
Bihar,2018,133637361,70441148,63201370
Bihar,2019,137863906,72721040,65148869
Bihar,2020,142260804,75094114,67173610
Bihar,2021,146835792,77564658,69279048
Bihar,2022,151596996,80137176,71468811
Bihar,2023,156552948,82816401,73746704
Bihar,2024,161712615,85607307,76116726
Bihar,2025,167085415,88515125,78583071
Sikkim,2007,594584,318533,276108
Sikkim,2008,612641,328303,284404
Sikkim,2009,631355,338430,293001
Sikkim,2010,650751,348928,301910
Sikkim,2011,670858,359811,311145
Sikkim,2012,691705,371096,320717
Sikkim,2013,713321,382800,330643
Sikkim,2014,735739,394939,340934
Sikkim,2015,758991,407532,351608
Sikkim,2016,783111,420596,362678
Sikkim,2017,808137,434152,374163
Sikkim,2018,834105,448221,386079
Sikkim,2019,861054,462823,398444
Sikkim,2020,889026,477981,411276
Sikkim,2021,918064,493719,424596
Sikkim,2022,948213,510060,438424
Sikkim,2023,979519,527031,452781
Sikkim,2024,1012031,544658,467690
Sikkim,2025,1045802,562969,483174
Arunachal Pradesh *,2007,1268360,661548,606672
Arunachal Pradesh *,2008,1297563,675028,622440
Arunachal Pradesh *,2009,1327089,688534,638520
Arunachal Pradesh *,2010,1356931,702056,654916
Arunachal Pradesh *,2011,1387080,715585,671631
Arunachal Pradesh *,2012,1417526,729112,688668
Arunachal Pradesh *,2013,1448260,742626,706029
Arunachal Pradesh *,2014,1479271,756117,723718
Arunachal Pradesh *,2015,1510550,769576,741737
Arunachal Pradesh *,2016,1542085,782991,760088
Arunachal Pradesh *,2017,1573865,796352,778776
Arunachal Pradesh *,2018,1605878,809648,797801
Arunachal Pradesh *,2019,1638112,822869,817166
Arunachal Pradesh *,2020,1670554,836004,836874
Arunachal Pradesh *,2021,1703191,849042,856927
Arunachal Pradesh *,2022,1736009,861972,877327
Arunachal Pradesh *,2023,1768995,874783,898076
Arunachal Pradesh *,2024,1802135,887463,919175
Arunachal Pradesh *,2025,1835413,900002,940627
Nagaland   ^,2007,2113884,1119111,995190
Nagaland   ^,2008,2214007,1172808,1041708
Nagaland   ^,2009,2319680,1229509,1090781
Nagaland   ^,2010,2431242,1289400,1142563
Nagaland   ^,2011,2549056,1352679,1197221
Nagaland   ^,2012,2673510,1419558,1254930
Nagaland   ^,2013,2805017,1490263,1315880
Nagaland   ^,2014,2944016,1565034,1380271
Nagaland   ^,2015,3090979,1644129,1448317
Nagaland   ^,2016,3246408,1727824,1520248
Nagaland   ^,2017,3410840,1816410,1596307
Nagaland   ^,2018,3584847,1910204,1676756
Nagaland   ^,2019,3769043,2009541,1761873
Nagaland   ^,2020,3964083,2114780,1851956
Nagaland   ^,2021,4170667,2226305,1947324
Nagaland   ^,2022,4389545,2344528,2048316
Nagaland   ^,2023,4621517,2469889,2155296
Nagaland   ^,2024,4867442,2602859,2268655
Nagaland   ^,2025,5128238,2743943,2388807
Manipur,2007,2730676,1391161,1339876
Manipur,2008,2815792,1435504,1380712
Manipur,2009,2904077,1481530,1423037
Manipur,2010,2995662,1529311,1466913
Manipur,2011,3090682,1578922,1512402
Manipur,2012,3189282,1630439,1559570
Manipur,2013,3291612,1683945,1608486
Manipur,2014,3397827,1739525,1659222
Manipur,2015,3508092,1797267,1711853
Manipur,2016,3622578,1857265,1766458
Manipur,2017,3741463,1919616,1823119
Manipur,2018,3864935,1984423,1881921
Manipur,2019,3993190,2051793,1942954
Manipur,2020,4126433,2121837,2006312
Manipur,2021,4264878,2194673,2072093
Manipur,2022,4408750,2270424,2140400
Manipur,2023,4558284,2349218,2211339
Manipur,2024,4713726,2431191,2285023
Manipur,2025,4875333,2516484,2361568
Mizoram,2007,1066608,552096,514673
Mizoram,2008,1105025,572287,532918
Mizoram,2009,1145051,593327,551923
Mizoram,2010,1186762,615257,571724
Mizoram,2011,1230234,638118,592357
Mizoram,2012,1275551,661952,613861
Mizoram,2013,1322798,686807,636277
Mizoram,2014,1372067,712728,659647
Mizoram,2015,1423451,739767,684016
Mizoram,2016,1477051,767977,709431
Mizoram,2017,1532972,797412,735942
Mizoram,2018,1591324,828132,763601
Mizoram,2019,1652223,860197,792462
Mizoram,2020,1715792,893672,822584
Mizoram,2021,1782159,928624,854026
Mizoram,2022,1851457,965125,886852
Mizoram,2023,1923831,1003250,921130
Mizoram,2024,1999428,1043077,956930
Mizoram,2025,2078405,1084690,994326
Tripura,2007,3797953,1937733,1860437
Tripura,2008,3901475,1989644,1912072
Tripura,2009,4007597,2042833,1965033
Tripura,2010,4116379,2097328,2019349
Tripura,2011,4227880,2153157,2075052
Tripura,2012,4342163,2210351,2132173
Tripura,2013,4459288,2268937,2190746
Tripura,2014,4579320,2328948,2250804
Tripura,2015,4702323,2390414,2312380
Tripura,2016,4828364,2453366,2375510
Tripura,2017,4957510,2517836,2440229
Tripura,2018,5089829,2583858,2506572
Tripura,2019,5225392,2651464,2574577
Tripura,2020,5364269,2720689,2644281
Tripura,2021,5506534,2791566,2715723
Tripura,2022,5652260,2864131,2788940
Tripura,2023,5801522,2938419,2863973
Tripura,2024,5954398,3014468,2940863
Tripura,2025,6110964,3092314,3019650
Meghalaya,2007,2742426,1384929,1357339
Meghalaya,2008,2833049,1429393,1403495
Meghalaya,2009,2927383,1475612,1451609
Meghalaya,2010,3025598,1523665,1501774
Meghalaya,2011,3127872,1573632,1554088
Meghalaya,2012,3234395,1625599,1608654
Meghalaya,2013,3345364,1679655,1665581
Meghalaya,2014,3460986,1735894,1724984
Meghalaya,2015,3581480,1794415,1786983
Meghalaya,2016,3707076,1855321,1851705
Meghalaya,2017,3838014,1918721,1919285
Meghalaya,2018,3974550,1984729,1989863
Meghalaya,2019,4116949,2053463,2063587
Meghalaya,2020,4265494,2125050,2140616
Meghalaya,2021,4420479,2199621,2221113
Meghalaya,2022,4582216,2277315,2305254
Meghalaya,2023,4751032,2358277,2393222
Meghalaya,2024,4927273,2442661,2485211
Meghalaya,2025,5111301,2530626,2581426
Assam,2007,30699973,15721585,14982194
Assam,2008,31430695,16073715,15361988
Assam,2009,32180023,16433973,15752402
Assam,2010,32948458,16802552,16153757
Assam,2011,33736514,17179651,16566382
Assam,2012,34544721,17565471,16990618
Assam,2013,35373623,17960221,17426817
Assam,2014,36223780,18364111,17875340
Assam,2015,37095768,18777361,18336564
Assam,2016,37990178,19200193,18810874
Assam,2017,38907620,19632834,19298669
Assam,2018,39848720,20075520,19800362
Assam,2019,40814122,20528490,20316377
Assam,2020,41804489,20991989,20847155
Assam,2021,42820501,21466269,21393147
Assam,2022,43862859,21951587,21954824
Assam,2023,44932285,22448208,22532667
Assam,2024,46029520,22956402,23127177
Assam,2025,47155326,23476445,23738869
West Bengal,2007,92768677,47574755,45207391
West Bengal,2008,95223870,48761495,46479805
West Bengal,2009,97761093,49985197,47797803
West Bengal,2010,100383428,51247155,49163223
West Bengal,2011,103094086,52548709,50577987
West Bengal,2012,105896410,53891253,52044102
West Bengal,2013,108793883,55276236,53563663
West Bengal,2014,111790132,56705161,55138863
West Bengal,2015,114888940,58179590,56771990
West Bengal,2016,118094243,59701147,58465439
West Bengal,2017,121410148,61271517,60221711
West Bengal,2018,124840932,62892453,62043422
West Bengal,2019,128391057,64565778,63933308
West Bengal,2020,132065172,66293383,65894231
West Bengal,2021,135868125,68077237,67929182
West Bengal,2022,139804972,69919386,70041294
West Bengal,2023,143880987,71821957,72233842
West Bengal,2024,148101670,73787162,74510255
West Bengal,2025,152472759,75817303,76874121
Jharkhand,2007,30887273,15930896,14954747
Jharkhand,2008,31675914,16336375,15337595
Jharkhand,2009,32490695,16755098,15733312
Jharkhand,2010,33332594,17187553,16142387
Jharkhand,2011,34202627,17634247,16565328
Jharkhand,2012,35101856,18095707,17002667
Jharkhand,2013,36031384,18572485,17454955
Jharkhand,2014,36992362,19065151,17922770
Jharkhand,2015,37985989,19574302,18406712
Jharkhand,2016,39013514,20100558,18907409
Jharkhand,2017,40076238,20644564,19425514
Jharkhand,2018,41175519,21206995,19961709
Jharkhand,2019,42312771,21788550,20516705
Jharkhand,2020,43489470,22389960,21091244
Jharkhand,2021,44707153,23011985,21686102
Jharkhand,2022,45967424,23655420,22302086
Jharkhand,2023,47271956,24321089,22940041
Jharkhand,2024,48622494,25009855,23600847
Jharkhand,2025,50020859,25722615,24285423
Odisha,2007,41331196,21053112,20284742
Odisha,2008,42242087,21530986,20718569
Odisha,2009,43180005,22023318,21165018
Odisha,2010,44145855,22530602,21624504
Odisha,2011,45140578,23053351,22097456
Odisha,2012,46165146,23592098,22584321
Odisha,2013,47220572,24147394,23085560
Odisha,2014,48307904,24719814,23601653
Odisha,2015,49428232,25309954,24133096
Odisha,2016,50582686,25918432,24680406
Odisha,2017,51772439,26545891,25244116
Odisha,2018,52998708,27192999,25824782
Odisha,2019,54262759,27860451,26422979
Odisha,2020,55565905,28548966,27039304
Odisha,2021,56909508,29259294,27674378
Odisha,2022,58294986,29992214,28328844
Odisha,2023,59723809,30748535,29003370
Odisha,2024,61197506,31529099,29698649
Odisha,2025,62717663,32334779,30415401
Chhattisgarh,2007,24036197,12113511,11923345
Chhattisgarh,2008,24613155,12408035,12205853
Chhattisgarh,2009,25207547,12711526,12496833
Chhattisgarh,2010,25819965,13024289,12796570
Chhattisgarh,2011,26451023,13346643,13105361
Chhattisgarh,2012,27101358,13678917,13423515
Chhattisgarh,2013,27771631,14021455,13751349
Chhattisgarh,2014,28462529,14374611,14089194
Chhattisgarh,2015,29174764,14738755,14437394
Chhattisgarh,2016,29909075,15114269,14796305
Chhattisgarh,2017,30666228,15501552,15166297
Chhattisgarh,2018,31447020,15901016,15547753
Chhattisgarh,2019,32252279,16313091,15941073
Chhattisgarh,2020,33082862,16738221,16346668
Chhattisgarh,2021,33939661,17176870,16764969
Chhattisgarh,2022,34823602,17629517,17196421
Chhattisgarh,2023,35735646,18096662,17641487
Chhattisgarh,2024,36676792,18578823,18100648
Chhattisgarh,2025,37648078,19076540,18574403
Madhya Pradesh   $$,2007,70079344,36467696,33610291
Madhya Pradesh   $$,2008,72154059,37546091,34606393
Madhya Pradesh   $$,2009,74308376,38665627,35640936
Madhya Pradesh   $$,2010,76545744,39828076,36715596
Madhya Pradesh   $$,2011,78869773,41035290,37832130
Madhya Pradesh   $$,2012,81284249,42289215,38992377
Madhya Pradesh   $$,2013,83793142,43591887,40198268
Madhya Pradesh   $$,2014,86400612,44945440,41451829
Madhya Pradesh   $$,2015,89111023,46352113,42755182
Madhya Pradesh   $$,2016,91928952,47814251,44110557
Madhya Pradesh   $$,2017,94859200,49334315,45520292
Madhya Pradesh   $$,2018,97906804,50914887,46986842
Madhya Pradesh   $$,2019,101077049,52558672,48512783
Madhya Pradesh   $$,2020,104375485,54268512,50100820
Madhya Pradesh   $$,2021,107807934,56047387,51753794
Madhya Pradesh   $$,2022,111380511,57898426,53474690
Madhya Pradesh   $$,2023,115099639,59824912,55266640
Madhya Pradesh   $$,2024,118972060,61830293,57132940
Madhya Pradesh   $$,2025,123004859,63918190,59077050
Gujarat,2007,59161723,30774207,28387204
Gujarat,2008,60769380,31619359,29149767
Gujarat,2009,62430718,32493018,29937512
Gujarat,2010,64147741,33396260,30751370
Gujarat,2011,65922541,34330205,31592311
Gujarat,2012,67757290,35296021,32461341
Gujarat,2013,69654254,36294925,33359512
Gujarat,2014,71615789,37328182,34287914
Gujarat,2015,73644352,38397113,35247685
Gujarat,2016,75742500,39503092,36240007
Gujarat,2017,77912896,40647553,37266114
Gujarat,2018,80158316,41831988,38327288
Gujarat,2019,82481650,43057955,39424866
Gujarat,2020,84885913,44327076,40560240
Gujarat,2021,87374245,45641042,41734860
Gujarat,2022,89949917,47001619,42950236
Gujarat,2023,92616342,48410646,44207942
Gujarat,2024,95377076,49870041,45509618
Gujarat,2025,98235828,51381805,46856975
Daman & Diu ,2007,193881,114127,79426
Daman & Diu ,2008,201699,119638,81906
Daman & Diu ,2009,209922,125483,84489
Daman & Diu ,2010,218575,131687,87179
Daman & Diu ,2011,227682,138273,89982
Daman & Diu ,2012,237272,145268,92902
Daman & Diu ,2013,247371,152700,95945
Daman & Diu ,2014,258012,160601,99118
Daman & Diu ,2015,269227,169003,102426
Daman & Diu ,2016,281050,177942,105876
Daman & Diu ,2017,293518,187456,109475
Daman & Diu ,2018,306672,197588,113229
Daman & Diu ,2019,320554,208381,117148
Daman & Diu ,2020,335209,219885,121238
Daman & Diu ,2021,350684,232150,125508
Daman & Diu ,2022,367032,245234,129967
Daman & Diu ,2023,384308,259198,134624
Daman & Diu ,2024,402570,274106,139490
Daman & Diu ,2025,421882,290031,144575
Dadra & Nagar Haveli,2007,275829,150672,124840
Dadra & Nagar Haveli,2008,287885,157620,129951
Dadra & Nagar Haveli,2009,300586,164957,135319
Dadra & Nagar Haveli,2010,313970,172710,140958
Dadra & Nagar Haveli,2011,328078,180904,146883
Dadra & Nagar Haveli,2012,342953,189567,153111
Dadra & Nagar Haveli,2013,358643,198729,159660
Dadra & Nagar Haveli,2014,375198,208422,166547
Dadra & Nagar Haveli,2015,392669,218681,173791
Dadra & Nagar Haveli,2016,411114,229543,181415
Dadra & Nagar Haveli,2017,430594,241046,189439
Dadra & Nagar Haveli,2018,451174,253234,197888
Dadra & Nagar Haveli,2019,472921,266150,206786
Dadra & Nagar Haveli,2020,495910,279844,216160
Dadra & Nagar Haveli,2021,520219,294368,226039
Dadra & Nagar Haveli,2022,545933,309777,236451
Dadra & Nagar Haveli,2023,573142,326130,247430
Dadra & Nagar Haveli,2024,601942,343493,259010
Dadra & Nagar Haveli,2025,632435,361935,271227
Maharashtra  ##,2007,110931977,57509683,53419816
Maharashtra  ##,2008,113953721,59074567,54876268
Maharashtra  ##,2009,117079822,60693184,56383312
Maharashtra  ##,2010,120314336,62367607,57942928
Maharashtra  ##,2011,123661495,64100003,59557180
Maharashtra  ##,2012,127125710,65892625,61228223
Maharashtra  ##,2013,130711584,67747826,62958304
Maharashtra  ##,2014,134423917,69668060,64749768
Maharashtra  ##,2015,138267720,71655885,66605064
Maharashtra  ##,2016,142248220,73713971,68526748
Maharashtra  ##,2017,146370874,75845104,70517488
Maharashtra  ##,2018,150641378,78052190,72580069
Maharashtra  ##,2019,155065676,80338261,74717402
Maharashtra  ##,2020,159649976,82706485,76932524
Maharashtra  ##,2021,164400762,85160164,79228610
Maharashtra  ##,2022,169324803,87702751,81608976
Maharashtra  ##,2023,174429172,90337848,84077087
Maharashtra  ##,2024,179721255,93069217,86636564
Maharashtra  ##,2025,185208772,95900788,89291192
Andhra Pradesh @@,2007,84350704,42551282,41798526
Andhra Pradesh @@,2008,86140917,43450464,42689517
Andhra Pradesh @@,2009,87980366,44374201,43605187
Andhra Pradesh @@,2010,89870576,45323251,44546306
Andhra Pradesh @@,2011,91813126,46298393,45513671
Andhra Pradesh @@,2012,93809650,47300437,46508106
Andhra Pradesh @@,2013,95861837,48330218,47530467
Andhra Pradesh @@,2014,97971435,49388601,48581636
Andhra Pradesh @@,2015,100140252,50476480,49662528
Andhra Pradesh @@,2016,102370159,51594781,50774088
Andhra Pradesh @@,2017,104663094,52744459,51917297
Andhra Pradesh @@,2018,107021060,53926506,53093168
Andhra Pradesh @@,2019,109446132,55141946,54302752
Andhra Pradesh @@,2020,111940457,56391839,55547135
Andhra Pradesh @@,2021,114506258,57677284,56827444
Andhra Pradesh @@,2022,117145838,58999416,58144843
Andhra Pradesh @@,2023,119861578,60359410,59500541
Andhra Pradesh @@,2024,122655947,61758484,60895789
Andhra Pradesh @@,2025,125531500,63197899,62331881
Karnataka,2007,61018776,30991712,30026656
Karnataka,2008,62579491,31776362,30802708
Karnataka,2009,64192277,32586846,31605000
Karnataka,2010,65859093,33424123,32434533
Karnataka,2011,67581982,34289193,33292352
Karnataka,2012,69363071,35183096,34179544
Karnataka,2013,71204578,36106916,35097245
Karnataka,2014,73108814,37061780,36046636
Karnataka,2015,75078186,38048865,37028952
Karnataka,2016,77115205,39069394,38045481
Karnataka,2017,79222488,40124644,39097563
Karnataka,2018,81402764,41215945,40186600
Karnataka,2019,83658879,42344681,41314053
Karnataka,2020,85993800,43512299,42481448
Karnataka,2021,88410624,44720302,43690376
Karnataka,2022,90912581,45970261,44942499
Karnataka,2023,93503040,47263814,46239552
Karnataka,2024,96185518,48602667,47583347
Karnataka,2025,98963685,49988601,48975775
Goa,2007,1491379,765663,726318
Goa,2008,1525384,784175,741909
Goa,2009,1560502,803317,757991
Goa,2010,1596775,823114,774582
Goa,2011,1634246,843591,791699
Goa,2012,1672958,864774,809361
Goa,2013,1712958,886690,827588
Goa,2014,1754294,909368,846400
Goa,2015,1797018,932838,865818
Goa,2016,1841181,957132,885864
Goa,2017,1886838,982282,906561
Goa,2018,1934046,1008322,927933
Goa,2019,1982865,1035287,950005
Goa,2020,2033356,1063215,972803
Goa,2021,2085586,1092145,996353
Goa,2022,2139620,1122118,1020684
Goa,2023,2195530,1153175,1045824
Goa,2024,2253389,1185361,1071805
Goa,2025,2313275,1218722,1098658
Lakshadweep,2007,67278,34644,32635
Lakshadweep,2008,69014,35566,33450
Lakshadweep,2009,70807,36519,34291
Lakshadweep,2010,72661,37505,35160
Lakshadweep,2011,74577,38526,36057
Lakshadweep,2012,76558,39581,36984
Lakshadweep,2013,78607,40674,37941
Lakshadweep,2014,80725,41805,38930
Lakshadweep,2015,82915,42975,39952
Lakshadweep,2016,85181,44187,41008
Lakshadweep,2017,87525,45441,42099
Lakshadweep,2018,89951,46741,43227
Lakshadweep,2019,92461,48086,44394
Lakshadweep,2020,95058,49480,45600
Lakshadweep,2021,97747,50924,46847
Lakshadweep,2022,100530,52421,48136
Lakshadweep,2023,103412,53972,49471
Lakshadweep,2024,106396,55579,50851
Lakshadweep,2025,109487,57246,52279
Kerala,2007,34884018,16887926,17994358
Kerala,2008,35421823,17138039,18282114
Kerala,2009,35966891,17391245,18574053
Kerala,2010,36519301,17647572,18870229
Kerala,2011,37079135,17907048,19170697
Kerala,2012,37646475,18169700,19475510
Kerala,2013,38221402,18435558,19784724
Kerala,2014,38803999,18704649,20098395
Kerala,2015,39394350,18977000,20416579
Kerala,2016,39992538,19252641,20739334
Kerala,2017,40598648,19531600,21066717
Kerala,2018,41212766,19813904,21398786
Kerala,2019,41834976,20099583,21735599
Kerala,2020,42465366,20388664,22077217
Kerala,2021,43104021,20681176,22423700
Kerala,2022,43751030,20977149,22775107
Kerala,2023,44406481,21276609,23131500
Kerala,2024,45070462,21579586,23492942
Kerala,2025,45743063,21886109,23859493
Tamil Nadu,2007,70210317,35366947,34842162
Tamil Nadu,2008,71467708,35996719,35469571
Tamil Nadu,2009,72754862,36641064,36112156
Tamil Nadu,2010,74072574,37300361,36770330
Tamil Nadu,2011,75421662,37975002,37444520
Tamil Nadu,2012,76802969,38665389,38135165
Tamil Nadu,2013,78217362,39371935,38842719
Tamil Nadu,2014,79665736,40095068,39567650
Tamil Nadu,2015,81149010,40835226,40310437
Tamil Nadu,2016,82668133,41592859,41071578
Tamil Nadu,2017,84224081,42368432,41851585
Tamil Nadu,2018,85817859,43162424,42650984
Tamil Nadu,2019,87450505,43975325,43470319
Tamil Nadu,2020,89123086,44807644,44310151
Tamil Nadu,2021,90836701,45659900,45171058
Tamil Nadu,2022,92592486,46532632,46053636
Tamil Nadu,2023,94391607,47426393,46958500
Tamil Nadu,2024,96235269,48341750,47886285
Tamil Nadu,2025,98124712,49279292,48837643
Puducherry,2007,1172556,579033,586004
Puducherry,2008,1210007,596801,604612
Puducherry,2009,1249042,615288,624007
Puducherry,2010,1289738,634527,644229
Puducherry,2011,1332175,654552,665316
Puducherry,2012,1376436,675401,687311
Puducherry,2013,1422611,697110,710257
Puducherry,2014,1470792,719722,734202
Puducherry,2015,1521078,743276,759193
Puducherry,2016,1573573,767819,785283
Puducherry,2017,1628387,793396,812527
Puducherry,2018,1685635,820057,840982
Puducherry,2019,1745438,847854,870708
Puducherry,2020,1807925,876841,901770
Puducherry,2021,1873233,907075,934235
Puducherry,2022,1941503,938617,968175
Puducherry,2023,2012888,971531,1003665
Puducherry,2024,2087548,1005883,1040785
Puducherry,2025,2165650,1041745,1079619
Andaman & Nicobar Islands,2007,451321,241277,209463
Andaman & Nicobar Islands,2008,475462,253581,221028
Andaman & Nicobar Islands,2009,501117,266635,233314
Andaman & Nicobar Islands,2010,528391,280493,246369
Andaman & Nicobar Islands,2011,557397,295208,260246
Andaman & Nicobar Islands,2012,588257,310840,275001
Andaman & Nicobar Islands,2013,621102,327453,290695
Andaman & Nicobar Islands,2014,656072,345114,307392
Andaman & Nicobar Islands,2015,693319,363897,325162
Andaman & Nicobar Islands,2016,733006,383881,344080
Andaman & Nicobar Islands,2017,775310,405152,364226
Andaman & Nicobar Islands,2018,820420,427800,385688
Andaman & Nicobar Islands,2019,868540,451925,408557
Andaman & Nicobar Islands,2020,919892,477633,432934
Andaman & Nicobar Islands,2021,974713,505039,458926
Andaman & Nicobar Islands,2022,1033260,534266,486649
Andaman & Nicobar Islands,2023,1095811,565448,516228
Andaman & Nicobar Islands,2024,1162665,598729,547797
Andaman & Nicobar Islands,2025,1234146,634264,581501
